{
  "password": "812611",
  "months": {
    "2025-12": {
      "bankAccounts": {
        "余额宝": 7.44,
        "零钱通": 1646.37,
        "现金": 59,
        "招行": 2859.28,
        "建行": 844.47,
        "工行": 3209.54,
        "中信-C": 154331.32,
        "中信-Q": 0,
        "北京银行": 0,
        "民生银行": 18543.23,
        "中行": 288.37,
        "光大": 0,
        "农行": 0
      },
      "licai": {
        "日盈象": 100490.94,
        "交银28号": 101731.33,
        "安盈象14个月": 0,
        "阳光金10号": 0,
        "农银理财2号": 0
      },
      "funds": {
        "巨化股份": 19210,
        "豫光金铅": 2350,
        "恒泰reit": 6541.2,
        "百联reit": 23747.4,
        "北保reit": 24522,
        "黄金ETF(中金)": 18602,
        "国债逆回购": 102096.16,
        "南网储能": 0,
        "化工ETF": 0,
        "黄金ETF(东方)": 0,
        "电网设备ETF": 0,
        "易方达现金增利货币B": 100481.68,
        "易方达国防军工混合": 8249.13,
        "易方达创业板ETF连接C": 9355.74,
        "易方达蓝筹精选": 6902.32
      },
      "receivables": 0,
      "debts": {
        "欠款-花呗": 0,
        "欠款-中行": 0,
        "欠款-建行": 0,
        "欠款-招行Q": 0,
        "欠款-招行C": 0,
        "欠款-工行": 0,
        "欠款-北行": 0
      },
      "income": {},
      "expenses": {}
    },
    "2026-01": {
      "bankAccounts": {
        "余额宝": 5.8,
        "零钱通": 486.34000000000003,
        "现金": 59,
        "招行": 4578.88,
        "建行": 37330.79,
        "工行": 1347.9,
        "中信-C": 149676.08000000002,
        "中信-Q": 0,
        "北京银行": 8594,
        "民生银行": 18223.61,
        "中行": 53.79,
        "光大": 0,
        "农行": 0
      },
      "licai": {
        "日盈象": 100608.29,
        "交银28号": 101864.14,
        "安盈象14个月": 0,
        "阳光金10号": 0,
        "农银理财2号": 0
      },
      "funds": {
        "巨化股份": 15736,
        "豫光金铅": 0,
        "恒泰reit": 6847.2,
        "百联reit": 14120,
        "北保reit": 24894,
        "黄金ETF(中金)": 30825,
        "国债逆回购": 108000,
        "南网储能": 0,
        "化工ETF": 0,
        "黄金ETF(东方)": 0,
        "电网设备ETF": 0,
        "易方达现金增利货币B": 100605.54,
        "易方达国防军工混合": 9230.01,
        "易方达创业板ETF连接C": 9757.26,
        "易方达蓝筹精选": 7185.48
      },
      "receivables": 0,
      "debts": {
        "欠款-花呗": 0,
        "欠款-中行": 0,
        "欠款-建行": 0,
        "欠款-招行Q": 0,
        "欠款-招行C": 0,
        "欠款-工行": 0,
        "欠款-北行": 0
      },
      "income": {
        "工资1": 17188
      },
      "expenses": {
        "美容手机": 10000,
        "房贷": 10400,
        "房租": 17100,
        "医院": 500
      }
    },
    "2026-02": {
      "bankAccounts": {
        "余额宝": 7.58,
        "零钱通": 85.46,
        "现金": 59,
        "招行": 45062.43,
        "建行": 4131.1500000000015,
        "工行": 0,
        "中信-C": 8391.39,
        "中信-Q": 0,
        "北京银行": 8588,
        "民生银行": 17500.82,
        "中行": 33.33,
        "光大": 0,
        "农行": 0
      },
      "licai": {
        "日盈象": 100715.96,
        "交银28号": 101988.98,
        "安盈象14个月": 0,
        "阳光金10号": 0,
        "农银理财2号": 150120.93
      },
      "funds": {
        "巨化股份": 0,
        "豫光金铅": 0,
        "恒泰reit": 0,
        "百联reit": 0,
        "北保reit": 0,
        "黄金ETF(中金)": 34985.6,
        "国债逆回购": 354506.99,
        "南网储能": 0,
        "化工ETF": 0,
        "黄金ETF(东方)": 0,
        "电网设备ETF": 0,
        "易方达现金增利货币B": 100716.91,
        "易方达国防军工混合": 10019.61,
        "易方达创业板ETF连接C": 9664.26,
        "易方达蓝筹精选": 6920.48
      },
      "receivables": 0,
      "debts": {
        "欠款-花呗": 0,
        "欠款-中行": 0,
        "欠款-建行": 0,
        "欠款-招行Q": 0,
        "欠款-招行C": 0,
        "欠款-工行": 0,
        "欠款-北行": 0
      },
      "income": {},
      "expenses": {}
    },
    "2026-03": {
      "bankAccounts": {
        "余额宝": 1480.93,
        "零钱通": 12481.060000000001,
        "现金": 59,
        "招行": 0,
        "建行": 3094.2300000000014,
        "工行": 0,
        "中信-C": 66196.75,
        "中信-Q": 493.86,
        "北京银行": 8594,
        "民生银行": 9004.02,
        "中行": 22.72,
        "光大": 0,
        "农行": 0
      },
      "licai": {
        "日盈象": 100832.5,
        "交银28号": 102132.79,
        "安盈象14个月": 0,
        "阳光金10号": 0,
        "农银理财2号": 150329.85
      },
      "funds": {
        "巨化股份": 0,
        "豫光金铅": 0,
        "恒泰reit": 0,
        "百联reit": 0,
        "北保reit": 0,
        "黄金ETF(中金)": 0,
        "国债逆回购": 320143,
        "南网储能": 8388,
        "化工ETF": 4335,
        "黄金ETF(东方)": 24247.5,
        "电网设备ETF": 4650,
        "易方达现金增利货币B": 100839.38,
        "易方达国防军工混合": 9151.54,
        "易方达创业板ETF连接C": 9553.43,
        "易方达蓝筹精选": 6579.12
      },
      "receivables": 0,
      "debts": {
        "欠款-花呗": 0,
        "欠款-中行": 0,
        "欠款-建行": 0,
        "欠款-招行Q": 0,
        "欠款-招行C": 0,
        "欠款-工行": 0,
        "欠款-北行": 0
      },
      "income": {},
      "expenses": {}
    },
    "2026-04": {
      "bankAccounts": {
        "余额宝": 1033.6,
        "零钱通": 2358.85,
        "现金": 59,
        "招行": 0,
        "建行": 3160.38,
        "工行": 20935.69,
        "中信-C": 101809.13,
        "中信-Q": 1841.36,
        "北京银行": 8594,
        "民生银行": 8498.25,
        "中行": 22.72,
        "光大": 0,
        "农行": 0
      },
      "licai": {
        "日盈象": 100942.93,
        "交银28号": 102259.71,
        "安盈象14个月": 200080,
        "阳光金10号": 0,
        "农银理财2号": 150521.4
      },
      "funds": {
        "巨化股份": 0,
        "豫光金铅": 0,
        "恒泰reit": 0,
        "百联reit": 0,
        "北保reit": 0,
        "黄金ETF(中金)": 0,
        "国债逆回购": 100343.15,
        "南网储能": 8628,
        "化工ETF": 4775,
        "黄金ETF(东方)": 24195,
        "电网设备ETF": 4930,
        "易方达现金增利货币B": 100957.89,
        "易方达国防军工混合": 0,
        "易方达创业板ETF连接C": 0,
        "易方达蓝筹精选": 6446.44
      },
      "receivables": 0,
      "debts": {
        "欠款-花呗": 0,
        "欠款-中行": 0,
        "欠款-建行": 0,
        "欠款-招行Q": 0,
        "欠款-招行C": 0,
        "欠款-工行": 0,
        "欠款-北行": 0
      },
      "income": {},
      "expenses": {}
    },
    "2026-05": {
      "bankAccounts": {
        "余额宝": 433.81,
        "零钱通": 2.34,
        "现金": 2059,
        "招行": 0,
        "建行": 815.5,
        "工行": 0,
        "中信-C": 151806.32,
        "中信-Q": 1996.43,
        "北京银行": 8594,
        "民生银行": 8054.83,
        "中行": 22.72,
        "光大": 0,
        "农行": 0
      },
      "licai": {
        "日盈象": 101047.42,
        "交银28号": 102377.62,
        "安盈象14个月": 200700,
        "阳光金10号": 0,
        "农银理财2号": 150701.98
      },
      "funds": {
        "巨化股份": 0,
        "豫光金铅": 0,
        "恒泰reit": 0,
        "百联reit": 0,
        "北保reit": 0,
        "黄金ETF(中金)": 0,
        "国债逆回购": 130478.64,
        "南网储能": 9372,
        "化工ETF": 4080,
        "黄金ETF(东方)": 23492.5,
        "电网设备ETF": 5220,
        "易方达现金增利货币B": 101069.04,
        "易方达国防军工混合": 0,
        "易方达创业板ETF连接C": 0,
        "易方达蓝筹精选": 5933.85
      },
      "receivables": 0,
      "debts": {
        "欠款-花呗": 0,
        "欠款-中行": 0,
        "欠款-建行": 0,
        "欠款-招行Q": 0,
        "欠款-招行C": 0,
        "欠款-工行": 0,
        "欠款-北行": 0
      },
      "income": {},
      "expenses": {}
    },
    "2026-06": {
      "bankAccounts": {
        "余额宝": 23.46,
        "零钱通": 4.68,
        "现金": 59,
        "招行": 0,
        "建行": 591.72,
        "工行": 505.65,
        "中信-C": 64473.42999999999,
        "中信-Q": 1189.2,
        "北京银行": 8594,
        "民生银行": 6787.12,
        "中行": 0,
        "光大": 0,
        "农行": 0
      },
      "licai": {
        "日盈象": 101149.8,
        "交银28号": 102501.01,
        "安盈象14个月": 200980,
        "阳光金10号": 100115.24,
        "农银理财2号": 150899.94
      },
      "funds": {
        "巨化股份": 0,
        "豫光金铅": 0,
        "恒泰reit": 0,
        "百联reit": 0,
        "北保reit": 0,
        "黄金ETF(中金)": 0,
        "国债逆回购": 135515.12,
        "南网储能": 7380,
        "化工ETF": 4310,
        "黄金ETF(东方)": 20945,
        "电网设备ETF": 0,
        "易方达现金增利货币B": 101180.17,
        "易方达国防军工混合": 0,
        "易方达创业板ETF连接C": 0,
        "易方达蓝筹精选": 5603.62
      },
      "receivables": 360,
      "debts": {
        "欠款-花呗": 0,
        "欠款-中行": 0,
        "欠款-建行": 0,
        "欠款-招行Q": 0,
        "欠款-招行C": 0,
        "欠款-工行": 0,
        "欠款-北行": 0
      },
      "income": {
        "工资": 17188,